label,id
0,0
0,1
1,2
1,3
1,4
1,5
1,6
1,7
1,8
1,9
1,10
1,11
2,12
1,13
1,14
1,15
1,16
2,17
1,18
0,19
1,20
1,21
0,22
2,23
2,24
1,25
0,26
1,27
1,28
2,29
2,30
1,31
1,32
2,33
1,34
2,35
1,36
1,37
1,38
0,39
1,40
1,41
1,42
1,43
2,44
1,45
1,46
1,47
0,48
1,49
1,50
1,51
2,52
1,53
1,54
2,55
1,56
2,57
1,58
1,59
1,60
1,61
1,62
1,63
1,64
1,65
1,66
2,67
1,68
1,69
2,70
1,71
1,72
1,73
1,74
1,75
1,76
2,77
1,78
1,79
1,80
2,81
0,82
1,83
1,84
0,85
1,86
1,87
1,88
1,89
2,90
1,91
1,92
1,93
1,94
1,95
1,96
0,97
1,98
1,99
2,100
1,101
2,102
1,103
1,104
0,105
1,106
1,107
1,108
2,109
1,110
1,111
1,112
1,113
0,114
0,115
1,116
1,117
1,118
1,119
2,120
1,121
2,122
1,123
2,124
2,125
1,126
2,127
0,128
2,129
2,130
1,131
1,132
1,133
2,134
1,135
1,136
1,137
1,138
2,139
1,140
1,141
1,142
1,143
1,144
1,145
1,146
1,147
1,148
1,149
1,150
1,151
1,152
1,153
1,154
1,155
1,156
2,157
2,158
1,159
0,160
1,161
2,162
1,163
1,164
1,165
2,166
1,167
1,168
1,169
2,170
2,171
1,172
1,173
1,174
1,175
1,176
1,177
2,178
1,179
1,180
1,181
1,182
1,183
1,184
2,185
1,186
1,187
1,188
1,189
2,190
1,191
1,192
0,193
1,194
2,195
1,196
1,197
1,198
1,199
0,200
1,201
1,202
1,203
2,204
1,205
1,206
1,207
1,208
1,209
2,210
1,211
1,212
1,213
1,214
2,215
2,216
1,217
1,218
1,219
1,220
1,221
1,222
2,223
1,224
0,225
1,226
2,227
1,228
1,229
2,230
1,231
2,232
1,233
1,234
1,235
1,236
2,237
1,238
1,239
0,240
2,241
1,242
2,243
1,244
1,245
1,246
1,247
1,248
1,249
1,250
2,251
1,252
1,253
1,254
1,255
1,256
1,257
1,258
1,259
1,260
2,261
1,262
1,263
2,264
1,265
1,266
2,267
2,268
2,269
1,270
1,271
1,272
2,273
1,274
2,275
1,276
1,277
2,278
1,279
1,280
1,281
1,282
2,283
1,284
1,285
1,286
1,287
1,288
1,289
1,290
0,291
1,292
0,293
2,294
1,295
1,296
1,297
1,298
1,299
1,300
2,301
1,302
0,303
2,304
1,305
1,306
1,307
1,308
1,309
1,310
1,311
1,312
2,313
1,314
1,315
1,316
2,317
0,318
2,319
1,320
1,321
2,322
2,323
1,324
2,325
1,326
2,327
1,328
2,329
1,330
2,331
1,332
1,333
1,334
1,335
1,336
1,337
2,338
1,339
1,340
1,341
2,342
1,343
2,344
1,345
2,346
0,347
1,348
1,349
1,350
1,351
2,352
1,353
1,354
1,355
0,356
0,357
1,358
1,359
0,360
1,361
1,362
1,363
1,364
1,365
2,366
1,367
0,368
1,369
1,370
1,371
1,372
1,373
1,374
1,375
1,376
1,377
0,378
1,379
1,380
1,381
1,382
1,383
1,384
2,385
1,386
1,387
1,388
0,389
1,390
1,391
0,392
1,393
1,394
1,395
2,396
1,397
1,398
1,399
1,400
0,401
1,402
2,403
1,404
2,405
1,406
0,407
1,408
1,409
2,410
1,411
1,412
2,413
1,414
1,415
1,416
0,417
1,418
0,419
1,420
2,421
1,422
1,423
1,424
1,425
1,426
1,427
1,428
1,429
1,430
1,431
1,432
1,433
1,434
2,435
1,436
0,437
1,438
1,439
0,440
1,441
1,442
1,443
1,444
1,445
1,446
1,447
1,448
1,449
1,450
1,451
1,452
1,453
1,454
1,455
1,456
1,457
1,458
2,459
1,460
1,461
2,462
1,463
1,464
0,465
2,466
1,467
1,468
0,469
1,470
1,471
0,472
1,473
1,474
1,475
2,476
2,477
1,478
0,479
1,480
1,481
1,482
1,483
1,484
1,485
1,486
2,487
2,488
2,489
1,490
2,491
1,492
1,493
1,494
0,495
1,496
1,497
2,498
1,499
1,500
1,501
1,502
2,503
0,504
1,505
1,506
2,507
2,508
1,509
1,510
1,511
1,512
0,513
2,514
1,515
1,516
1,517
0,518
1,519
1,520
2,521
2,522
1,523
2,524
1,525
2,526
1,527
1,528
2,529
1,530
1,531
1,532
1,533
1,534
1,535
1,536
1,537
1,538
1,539
1,540
0,541
1,542
1,543
2,544
1,545
1,546
2,547
1,548
1,549
1,550
0,551
2,552
1,553
1,554
1,555
2,556
2,557
1,558
0,559
1,560
0,561
2,562
1,563
1,564
1,565
2,566
1,567
1,568
0,569
1,570
1,571
1,572
1,573
1,574
1,575
1,576
1,577
2,578
1,579
0,580
1,581
1,582
2,583
2,584
1,585
1,586
1,587
1,588
1,589
1,590
2,591
0,592
1,593
1,594
1,595
1,596
1,597
1,598
1,599
1,600
1,601
1,602
1,603
1,604
1,605
1,606
1,607
1,608
1,609
1,610
1,611
2,612
2,613
1,614
1,615
1,616
1,617
2,618
1,619
2,620
1,621
1,622
1,623
1,624
1,625
1,626
1,627
1,628
1,629
1,630
1,631
1,632
0,633
1,634
1,635
1,636
1,637
1,638
1,639
0,640
1,641
1,642
1,643
1,644
1,645
1,646
1,647
1,648
1,649
1,650
2,651
2,652
1,653
1,654
2,655
1,656
2,657
2,658
1,659
1,660
1,661
1,662
2,663
1,664
1,665
1,666
2,667
1,668
1,669
1,670
1,671
1,672
1,673
1,674
1,675
1,676
2,677
0,678
0,679
1,680
1,681
1,682
2,683
2,684
2,685
1,686
1,687
1,688
1,689
1,690
1,691
1,692
2,693
1,694
1,695
1,696
1,697
1,698
1,699
2,700
1,701
1,702
1,703
1,704
2,705
0,706
1,707
1,708
1,709
1,710
1,711
1,712
2,713
2,714
1,715
1,716
1,717
1,718
2,719
1,720
1,721
1,722
1,723
1,724
2,725
1,726
2,727
1,728
1,729
2,730
1,731
1,732
1,733
1,734
1,735
1,736
1,737
1,738
1,739
1,740
0,741
2,742
1,743
1,744
1,745
1,746
1,747
2,748
1,749
1,750
1,751
1,752
1,753
1,754
1,755
1,756
1,757
1,758
1,759
1,760
1,761
1,762
1,763
2,764
2,765
1,766
1,767
1,768
2,769
1,770
1,771
1,772
1,773
1,774
1,775
1,776
2,777
1,778
1,779
1,780
0,781
1,782
1,783
1,784
1,785
1,786
2,787
2,788
1,789
0,790
1,791
2,792
0,793
1,794
2,795
1,796
1,797
1,798
1,799
1,800
1,801
1,802
1,803
1,804
2,805
1,806
0,807
2,808
2,809
1,810
1,811
1,812
1,813
2,814
1,815
1,816
1,817
1,818
1,819
1,820
1,821
1,822
0,823
0,824
1,825
1,826
2,827
2,828
2,829
1,830
1,831
1,832
2,833
1,834
1,835
1,836
1,837
1,838
1,839
1,840
1,841
2,842
1,843
1,844
2,845
1,846
2,847
1,848
1,849
1,850
0,851
1,852
2,853
1,854
2,855
0,856
1,857
1,858
1,859
2,860
1,861
1,862
1,863
1,864
2,865
1,866
2,867
1,868
1,869
1,870
2,871
1,872
1,873
0,874
1,875
1,876
1,877
1,878
0,879
2,880
1,881
2,882
0,883
1,884
1,885
0,886
1,887
1,888
1,889
1,890
1,891
1,892
1,893
1,894
1,895
2,896
1,897
1,898
0,899
1,900
1,901
1,902
0,903
1,904
1,905
2,906
1,907
1,908
2,909
1,910
0,911
1,912
1,913
1,914
1,915
2,916
1,917
2,918
1,919
1,920
1,921
1,922
2,923
2,924
1,925
1,926
2,927
1,928
1,929
2,930
1,931
1,932
1,933
2,934
1,935
1,936
1,937
1,938
2,939
1,940
1,941
1,942
1,943
1,944
1,945
1,946
2,947
1,948
2,949
1,950
0,951
1,952
2,953
1,954
1,955
2,956
1,957
1,958
1,959
1,960
1,961
1,962
1,963
2,964
1,965
1,966
2,967
1,968
1,969
1,970
1,971
1,972
1,973
1,974
1,975
1,976
0,977
1,978
1,979
1,980
2,981
1,982
1,983
1,984
1,985
1,986
2,987
0,988
1,989
1,990
2,991
1,992
1,993
1,994
1,995
0,996
1,997
1,998
1,999
0,1000
1,1001
1,1002
1,1003
1,1004
0,1005
0,1006
1,1007
1,1008
1,1009
1,1010
1,1011
1,1012
0,1013
1,1014
1,1015
1,1016
1,1017
1,1018
1,1019
2,1020
1,1021
1,1022
1,1023
1,1024
1,1025
1,1026
1,1027
1,1028
1,1029
1,1030
1,1031
1,1032
1,1033
1,1034
1,1035
1,1036
1,1037
1,1038
1,1039
1,1040
2,1041
2,1042
1,1043
2,1044
1,1045
0,1046
2,1047
0,1048
1,1049
1,1050
1,1051
1,1052
1,1053
1,1054
2,1055
2,1056
1,1057
1,1058
1,1059
1,1060
1,1061
1,1062
0,1063
2,1064
2,1065
2,1066
1,1067
1,1068
1,1069
2,1070
2,1071
1,1072
2,1073
1,1074
1,1075
1,1076
1,1077
1,1078
1,1079
1,1080
1,1081
2,1082
2,1083
1,1084
1,1085
1,1086
1,1087
0,1088
1,1089
1,1090
1,1091
1,1092
1,1093
1,1094
1,1095
1,1096
1,1097
1,1098
2,1099
1,1100
1,1101
1,1102
2,1103
1,1104
1,1105
1,1106
2,1107
1,1108
1,1109
1,1110
1,1111
0,1112
2,1113
2,1114
2,1115
1,1116
2,1117
1,1118
1,1119
1,1120
2,1121
1,1122
2,1123
1,1124
0,1125
2,1126
1,1127
1,1128
1,1129
1,1130
1,1131
0,1132
1,1133
1,1134
1,1135
1,1136
0,1137
1,1138
2,1139
1,1140
1,1141
2,1142
1,1143
2,1144
1,1145
1,1146
1,1147
2,1148
1,1149
2,1150
2,1151
1,1152
1,1153
1,1154
0,1155
1,1156
1,1157
2,1158
1,1159
2,1160
1,1161
0,1162
1,1163
2,1164
1,1165
1,1166
2,1167
1,1168
1,1169
2,1170
1,1171
1,1172
0,1173
1,1174
1,1175
1,1176
1,1177
1,1178
1,1179
1,1180
1,1181
1,1182
1,1183
0,1184
1,1185
1,1186
1,1187
1,1188
1,1189
1,1190
1,1191
1,1192
1,1193
2,1194
1,1195
1,1196
1,1197
1,1198
1,1199
1,1200
2,1201
1,1202
1,1203
1,1204
1,1205
1,1206
1,1207
1,1208
2,1209
1,1210
1,1211
2,1212
0,1213
1,1214
2,1215
1,1216
0,1217
1,1218
1,1219
1,1220
0,1221
2,1222
1,1223
1,1224
2,1225
1,1226
1,1227
1,1228
1,1229
2,1230
1,1231
1,1232
1,1233
2,1234
0,1235
1,1236
1,1237
1,1238
2,1239
1,1240
1,1241
1,1242
1,1243
1,1244
0,1245
1,1246
1,1247
1,1248
1,1249
1,1250
1,1251
1,1252
1,1253
1,1254
2,1255
1,1256
0,1257
1,1258
1,1259
1,1260
1,1261
1,1262
1,1263
1,1264
1,1265
1,1266
1,1267
1,1268
1,1269
1,1270
1,1271
2,1272
1,1273
1,1274
1,1275
2,1276
2,1277
1,1278
1,1279
1,1280
1,1281
1,1282
1,1283
1,1284
2,1285
1,1286
1,1287
1,1288
1,1289
2,1290
1,1291
2,1292
1,1293
1,1294
1,1295
1,1296
1,1297
0,1298
1,1299
2,1300
1,1301
1,1302
1,1303
1,1304
1,1305
1,1306
1,1307
2,1308
1,1309
1,1310
1,1311
1,1312
1,1313
1,1314
1,1315
1,1316
1,1317
1,1318
1,1319
2,1320
1,1321
1,1322
1,1323
2,1324
1,1325
1,1326
1,1327
1,1328
1,1329
1,1330
0,1331
1,1332
1,1333
0,1334
1,1335
1,1336
0,1337
1,1338
0,1339
1,1340
1,1341
2,1342
0,1343
1,1344
2,1345
1,1346
2,1347
1,1348
1,1349
1,1350
1,1351
1,1352
1,1353
1,1354
0,1355
1,1356
1,1357
1,1358
1,1359
1,1360
1,1361
1,1362
1,1363
1,1364
2,1365
0,1366
1,1367
1,1368
2,1369
1,1370
1,1371
1,1372
1,1373
1,1374
1,1375
1,1376
2,1377
0,1378
1,1379
1,1380
1,1381
2,1382
1,1383
1,1384
0,1385
1,1386
1,1387
2,1388
1,1389
1,1390
2,1391
1,1392
1,1393
1,1394
2,1395
1,1396
1,1397
2,1398
1,1399
2,1400
1,1401
1,1402
1,1403
2,1404
0,1405
1,1406
2,1407
1,1408
1,1409
1,1410
1,1411
1,1412
1,1413
1,1414
1,1415
1,1416
2,1417
1,1418
1,1419
2,1420
1,1421
2,1422
1,1423
1,1424
1,1425
1,1426
1,1427
1,1428
2,1429
1,1430
1,1431
1,1432
1,1433
1,1434
1,1435
0,1436
1,1437
1,1438
2,1439
0,1440
1,1441
1,1442
1,1443
1,1444
1,1445
1,1446
1,1447
1,1448
1,1449
1,1450
1,1451
1,1452
1,1453
1,1454
1,1455
2,1456
1,1457
1,1458
1,1459
1,1460
1,1461
1,1462
1,1463
0,1464
2,1465
0,1466
2,1467
1,1468
1,1469
1,1470
1,1471
1,1472
1,1473
2,1474
1,1475
1,1476
0,1477
1,1478
1,1479
1,1480
2,1481
1,1482
2,1483
1,1484
1,1485
1,1486
1,1487
1,1488
0,1489
0,1490
1,1491
1,1492
1,1493
1,1494
2,1495
1,1496
2,1497
0,1498
2,1499
2,1500
2,1501
1,1502
1,1503
1,1504
1,1505
0,1506
1,1507
1,1508
1,1509
1,1510
2,1511
0,1512
1,1513
1,1514
1,1515
1,1516
1,1517
2,1518
1,1519
2,1520
1,1521
1,1522
1,1523
1,1524
1,1525
1,1526
1,1527
1,1528
1,1529
1,1530
1,1531
1,1532
1,1533
0,1534
2,1535
1,1536
0,1537
1,1538
1,1539
1,1540
1,1541
2,1542
1,1543
1,1544
1,1545
1,1546
2,1547
1,1548
1,1549
2,1550
1,1551
2,1552
1,1553
1,1554
1,1555
1,1556
1,1557
2,1558
1,1559
1,1560
1,1561
1,1562
1,1563
0,1564
1,1565
0,1566
1,1567
1,1568
1,1569
1,1570
1,1571
1,1572
1,1573
1,1574
2,1575
1,1576
2,1577
1,1578
1,1579
1,1580
1,1581
1,1582
1,1583
1,1584
1,1585
2,1586
1,1587
1,1588
1,1589
1,1590
1,1591
2,1592
1,1593
1,1594
1,1595
1,1596
1,1597
1,1598
0,1599
1,1600
1,1601
1,1602
2,1603
1,1604
1,1605
1,1606
1,1607
1,1608
1,1609
1,1610
1,1611
2,1612
0,1613
1,1614
1,1615
1,1616
1,1617
0,1618
1,1619
1,1620
1,1621
1,1622
2,1623
1,1624
1,1625
1,1626
1,1627
1,1628
0,1629
1,1630
1,1631
2,1632
1,1633
1,1634
0,1635
0,1636
1,1637
2,1638
1,1639
1,1640
1,1641
1,1642
2,1643
1,1644
1,1645
1,1646
1,1647
1,1648
1,1649
1,1650
1,1651
1,1652
2,1653
1,1654
1,1655
1,1656
1,1657
2,1658
1,1659
2,1660
2,1661
1,1662
1,1663
2,1664
1,1665
1,1666
1,1667
2,1668
1,1669
1,1670
1,1671
2,1672
1,1673
0,1674
2,1675
1,1676
1,1677
1,1678
1,1679
1,1680
1,1681
1,1682
1,1683
1,1684
1,1685
1,1686
1,1687
1,1688
2,1689
1,1690
0,1691
1,1692
2,1693
1,1694
1,1695
1,1696
0,1697
1,1698
1,1699
1,1700
2,1701
1,1702
1,1703
1,1704
1,1705
1,1706
1,1707
2,1708
1,1709
1,1710
1,1711
1,1712
1,1713
1,1714
1,1715
1,1716
2,1717
1,1718
1,1719
1,1720
1,1721
2,1722
1,1723
2,1724
1,1725
2,1726
1,1727
1,1728
1,1729
1,1730
1,1731
1,1732
1,1733
1,1734
1,1735
1,1736
1,1737
0,1738
1,1739
2,1740
1,1741
1,1742
1,1743
2,1744
2,1745
0,1746
1,1747
1,1748
1,1749
1,1750
1,1751
2,1752
1,1753
1,1754
1,1755
1,1756
1,1757
1,1758
1,1759
2,1760
1,1761
0,1762
1,1763
1,1764
2,1765
1,1766
1,1767
1,1768
1,1769
1,1770
1,1771
2,1772
0,1773
1,1774
1,1775
1,1776
1,1777
1,1778
1,1779
1,1780
0,1781
1,1782
1,1783
1,1784
0,1785
1,1786
1,1787
1,1788
2,1789
1,1790
1,1791
1,1792
2,1793
2,1794
1,1795
1,1796
2,1797
1,1798
1,1799
2,1800
1,1801
2,1802
1,1803
1,1804
1,1805
1,1806
1,1807
1,1808
1,1809
1,1810
1,1811
1,1812
1,1813
1,1814
1,1815
1,1816
1,1817
2,1818
1,1819
1,1820
1,1821
1,1822
1,1823
1,1824
1,1825
1,1826
1,1827
1,1828
1,1829
1,1830
1,1831
1,1832
1,1833
1,1834
1,1835
1,1836
2,1837
1,1838
2,1839
2,1840
1,1841
1,1842
1,1843
1,1844
1,1845
1,1846
1,1847
2,1848
2,1849
1,1850
1,1851
2,1852
1,1853
1,1854
1,1855
1,1856
1,1857
1,1858
1,1859
1,1860
1,1861
1,1862
0,1863
1,1864
1,1865
2,1866
2,1867
1,1868
1,1869
1,1870
1,1871
1,1872
1,1873
1,1874
1,1875
1,1876
1,1877
1,1878
1,1879
0,1880
1,1881
1,1882
2,1883
1,1884
1,1885
1,1886
2,1887
1,1888
1,1889
1,1890
1,1891
1,1892
1,1893
1,1894
1,1895
1,1896
1,1897
1,1898
1,1899
1,1900
1,1901
0,1902
1,1903
2,1904
1,1905
2,1906
1,1907
1,1908
2,1909
1,1910
1,1911
1,1912
1,1913
1,1914
1,1915
1,1916
1,1917
1,1918
1,1919
1,1920
2,1921
2,1922
1,1923
1,1924
2,1925
2,1926
1,1927
1,1928
1,1929
1,1930
1,1931
2,1932
1,1933
1,1934
1,1935
1,1936
1,1937
2,1938
0,1939
1,1940
0,1941
0,1942
1,1943
1,1944
1,1945
1,1946
1,1947
1,1948
1,1949
1,1950
1,1951
0,1952
1,1953
1,1954
1,1955
1,1956
2,1957
1,1958
1,1959
1,1960
1,1961
1,1962
1,1963
1,1964
1,1965
1,1966
1,1967
1,1968
1,1969
1,1970
1,1971
1,1972
1,1973
1,1974
2,1975
1,1976
1,1977
2,1978
1,1979
1,1980
1,1981
1,1982
2,1983
2,1984
1,1985
1,1986
1,1987
2,1988
0,1989
1,1990
1,1991
1,1992
2,1993
1,1994
1,1995
2,1996
1,1997
1,1998
2,1999
0,2000
1,2001
1,2002
1,2003
1,2004
1,2005
2,2006
1,2007
1,2008
1,2009
2,2010
1,2011
1,2012
2,2013
1,2014
0,2015
1,2016
1,2017
1,2018
1,2019
1,2020
1,2021
1,2022
1,2023
0,2024
1,2025
1,2026
0,2027
1,2028
1,2029
2,2030
1,2031
2,2032
0,2033
1,2034
1,2035
2,2036
0,2037
2,2038
1,2039
1,2040
1,2041
1,2042
1,2043
2,2044
1,2045
1,2046
1,2047
1,2048
1,2049
2,2050
1,2051
1,2052
1,2053
1,2054
1,2055
2,2056
1,2057
1,2058
1,2059
1,2060
2,2061
1,2062
1,2063
1,2064
1,2065
1,2066
1,2067
1,2068
1,2069
1,2070
1,2071
1,2072
1,2073
2,2074
1,2075
2,2076
2,2077
1,2078
1,2079
2,2080
1,2081
1,2082
1,2083
1,2084
1,2085
1,2086
1,2087
1,2088
1,2089
1,2090
1,2091
1,2092
2,2093
1,2094
1,2095
1,2096
2,2097
1,2098
0,2099
1,2100
1,2101
1,2102
1,2103
1,2104
1,2105
1,2106
1,2107
1,2108
1,2109
1,2110
1,2111
2,2112
2,2113
2,2114
1,2115
1,2116
1,2117
1,2118
1,2119
1,2120
1,2121
2,2122
2,2123
1,2124
1,2125
2,2126
1,2127
1,2128
1,2129
1,2130
1,2131
1,2132
1,2133
0,2134
2,2135
2,2136
2,2137
1,2138
1,2139
1,2140
1,2141
1,2142
1,2143
0,2144
1,2145
1,2146
2,2147
1,2148
2,2149
1,2150
1,2151
1,2152
1,2153
1,2154
1,2155
1,2156
1,2157
1,2158
1,2159
1,2160
1,2161
2,2162
1,2163
2,2164
1,2165
1,2166
1,2167
1,2168
2,2169
1,2170
1,2171
1,2172
1,2173
1,2174
1,2175
1,2176
1,2177
1,2178
1,2179
1,2180
1,2181
2,2182
1,2183
1,2184
1,2185
1,2186
2,2187
1,2188
1,2189
1,2190
1,2191
2,2192
1,2193
1,2194
1,2195
1,2196
1,2197
1,2198
0,2199
1,2200
0,2201
2,2202
1,2203
0,2204
1,2205
2,2206
1,2207
1,2208
1,2209
1,2210
1,2211
1,2212
2,2213
1,2214
1,2215
1,2216
1,2217
1,2218
1,2219
0,2220
1,2221
1,2222
1,2223
1,2224
2,2225
1,2226
1,2227
1,2228
2,2229
1,2230
2,2231
2,2232
2,2233
1,2234
1,2235
1,2236
1,2237
1,2238
2,2239
1,2240
1,2241
1,2242
1,2243
1,2244
1,2245
1,2246
1,2247
1,2248
1,2249
1,2250
2,2251
0,2252
1,2253
1,2254
1,2255
1,2256
1,2257
1,2258
2,2259
2,2260
1,2261
1,2262
1,2263
2,2264
1,2265
1,2266
1,2267
1,2268
1,2269
1,2270
2,2271
1,2272
1,2273
1,2274
1,2275
1,2276
1,2277
1,2278
1,2279
2,2280
1,2281
1,2282
1,2283
2,2284
1,2285
1,2286
1,2287
0,2288
1,2289
1,2290
1,2291
1,2292
1,2293
0,2294
1,2295
1,2296
2,2297
2,2298
0,2299
1,2300
1,2301
1,2302
1,2303
1,2304
1,2305
1,2306
1,2307
1,2308
1,2309
1,2310
1,2311
1,2312
1,2313
1,2314
2,2315
1,2316
2,2317
2,2318
2,2319
1,2320
1,2321
1,2322
1,2323
1,2324
1,2325
1,2326
1,2327
1,2328
2,2329
1,2330
1,2331
2,2332
1,2333
2,2334
1,2335
2,2336
1,2337
1,2338
1,2339
1,2340
1,2341
2,2342
1,2343
2,2344
1,2345
2,2346
2,2347
1,2348
0,2349
1,2350
1,2351
1,2352
2,2353
1,2354
2,2355
1,2356
1,2357
2,2358
1,2359
2,2360
2,2361
2,2362
1,2363
1,2364
2,2365
1,2366
1,2367
1,2368
1,2369
1,2370
2,2371
1,2372
2,2373
1,2374
2,2375
1,2376
2,2377
0,2378
2,2379
1,2380
1,2381
1,2382
1,2383
1,2384
1,2385
1,2386
2,2387
0,2388
1,2389
1,2390
1,2391
1,2392
2,2393
1,2394
1,2395
1,2396
1,2397
1,2398
1,2399
0,2400
1,2401
1,2402
1,2403
2,2404
1,2405
1,2406
1,2407
1,2408
2,2409
2,2410
1,2411
1,2412
0,2413
1,2414
1,2415
1,2416
2,2417
1,2418
0,2419
1,2420
1,2421
1,2422
1,2423
1,2424
2,2425
1,2426
1,2427
1,2428
1,2429
1,2430
1,2431
1,2432
1,2433
1,2434
0,2435
1,2436
1,2437
2,2438
1,2439
1,2440
2,2441
1,2442
1,2443
2,2444
1,2445
2,2446
1,2447
1,2448
2,2449
0,2450
1,2451
1,2452
2,2453
1,2454
1,2455
1,2456
1,2457
1,2458
0,2459
2,2460
2,2461
2,2462
0,2463
1,2464
1,2465
1,2466
1,2467
2,2468
1,2469
1,2470
1,2471
1,2472
0,2473
1,2474
1,2475
2,2476
1,2477
1,2478
0,2479
1,2480
1,2481
1,2482
0,2483
1,2484
1,2485
1,2486
1,2487
1,2488
2,2489
1,2490
1,2491
2,2492
1,2493
1,2494
2,2495
1,2496
1,2497
1,2498
1,2499
0,2500
2,2501
0,2502
1,2503
1,2504
1,2505
1,2506
1,2507
1,2508
0,2509
1,2510
1,2511
1,2512
1,2513
1,2514
1,2515
1,2516
1,2517
2,2518
1,2519
1,2520
1,2521
1,2522
1,2523
1,2524
1,2525
1,2526
1,2527
1,2528
1,2529
1,2530
1,2531
1,2532
0,2533
1,2534
2,2535
2,2536
1,2537
1,2538
2,2539
1,2540
1,2541
1,2542
1,2543
1,2544
1,2545
2,2546
1,2547
1,2548
1,2549
1,2550
1,2551
1,2552
1,2553
1,2554
1,2555
2,2556
1,2557
1,2558
1,2559
1,2560
1,2561
1,2562
1,2563
1,2564
1,2565
1,2566
1,2567
1,2568
0,2569
1,2570
1,2571
1,2572
0,2573
1,2574
1,2575
1,2576
1,2577
2,2578
2,2579
1,2580
1,2581
0,2582
1,2583
1,2584
1,2585
2,2586
1,2587
1,2588
2,2589
1,2590
1,2591
1,2592
0,2593
1,2594
1,2595
1,2596
2,2597
1,2598
1,2599
1,2600
1,2601
1,2602
1,2603
1,2604
1,2605
2,2606
1,2607
1,2608
1,2609
1,2610
1,2611
2,2612
1,2613
1,2614
1,2615
1,2616
1,2617
1,2618
1,2619
1,2620
1,2621
1,2622
1,2623
1,2624
1,2625
2,2626
1,2627
1,2628
1,2629
2,2630
1,2631
1,2632
2,2633
2,2634
1,2635
1,2636
2,2637
1,2638
1,2639
1,2640
1,2641
1,2642
1,2643
1,2644
2,2645
1,2646
1,2647
1,2648
0,2649
1,2650
1,2651
1,2652
1,2653
1,2654
1,2655
2,2656
2,2657
1,2658
1,2659
1,2660
1,2661
2,2662
1,2663
2,2664
1,2665
1,2666
1,2667
0,2668
1,2669
1,2670
1,2671
1,2672
2,2673
1,2674
1,2675
1,2676
1,2677
1,2678
1,2679
1,2680
2,2681
1,2682
1,2683
1,2684
1,2685
2,2686
1,2687
2,2688
1,2689
1,2690
1,2691
1,2692
1,2693
1,2694
1,2695
1,2696
1,2697
1,2698
2,2699
1,2700
1,2701
1,2702
1,2703
1,2704
1,2705
2,2706
1,2707
2,2708
1,2709
2,2710
1,2711
1,2712
2,2713
2,2714
2,2715
1,2716
1,2717
1,2718
1,2719
2,2720
1,2721
1,2722
1,2723
2,2724
1,2725
1,2726
1,2727
1,2728
2,2729
2,2730
1,2731
1,2732
1,2733
1,2734
1,2735
1,2736
1,2737
0,2738
1,2739
1,2740
1,2741
1,2742
2,2743
1,2744
2,2745
2,2746
2,2747
2,2748
1,2749
1,2750
1,2751
1,2752
1,2753
1,2754
1,2755
1,2756
1,2757
2,2758
1,2759
1,2760
1,2761
1,2762
1,2763
1,2764
1,2765
1,2766
1,2767
2,2768
1,2769
1,2770
2,2771
1,2772
2,2773
1,2774
1,2775
1,2776
1,2777
1,2778
1,2779
1,2780
2,2781
1,2782
1,2783
1,2784
1,2785
2,2786
2,2787
1,2788
2,2789
1,2790
1,2791
1,2792
1,2793
2,2794
1,2795
1,2796
1,2797
1,2798
1,2799
1,2800
1,2801
1,2802
1,2803
1,2804
1,2805
2,2806
2,2807
1,2808
1,2809
1,2810
2,2811
1,2812
1,2813
1,2814
1,2815
1,2816
1,2817
1,2818
1,2819
1,2820
1,2821
1,2822
1,2823
1,2824
1,2825
1,2826
1,2827
1,2828
1,2829
1,2830
1,2831
1,2832
1,2833
2,2834
1,2835
2,2836
2,2837
1,2838
1,2839
1,2840
1,2841
2,2842
1,2843
0,2844
1,2845
0,2846
1,2847
1,2848
1,2849
2,2850
0,2851
2,2852
0,2853
2,2854
1,2855
2,2856
1,2857
1,2858
1,2859
1,2860
1,2861
1,2862
1,2863
2,2864
1,2865
1,2866
1,2867
1,2868
1,2869
1,2870
1,2871
2,2872
2,2873
1,2874
2,2875
1,2876
1,2877
1,2878
1,2879
1,2880
1,2881
2,2882
1,2883
1,2884
1,2885
2,2886
2,2887
1,2888
1,2889
0,2890
1,2891
1,2892
1,2893
1,2894
1,2895
1,2896
2,2897
2,2898
2,2899
1,2900
1,2901
1,2902
1,2903
0,2904
2,2905
2,2906
1,2907
0,2908
1,2909
2,2910
1,2911
1,2912
2,2913
1,2914
2,2915
1,2916
1,2917
1,2918
1,2919
1,2920
1,2921
1,2922
2,2923
2,2924
2,2925
1,2926
1,2927
2,2928
2,2929
1,2930
1,2931
1,2932
0,2933
1,2934
1,2935
1,2936
1,2937
1,2938
1,2939
1,2940
1,2941
1,2942
1,2943
1,2944
1,2945
2,2946
0,2947
2,2948
1,2949
1,2950
1,2951
1,2952
1,2953
1,2954
0,2955
1,2956
1,2957
1,2958
1,2959
2,2960
2,2961
1,2962
1,2963
1,2964
0,2965
2,2966
1,2967
2,2968
1,2969
1,2970
2,2971
1,2972
1,2973
1,2974
1,2975
2,2976
1,2977
1,2978
1,2979
1,2980
0,2981
2,2982
2,2983
1,2984
2,2985
1,2986
2,2987
1,2988
2,2989
1,2990
2,2991
1,2992
1,2993
1,2994
1,2995
1,2996
0,2997
1,2998
1,2999
1,3000
1,3001
1,3002
1,3003
1,3004
1,3005
1,3006
0,3007
2,3008
1,3009
1,3010
2,3011
1,3012
1,3013
1,3014
0,3015
1,3016
1,3017
1,3018
1,3019
1,3020
1,3021
1,3022
0,3023
2,3024
1,3025
2,3026
1,3027
1,3028
1,3029
1,3030
1,3031
0,3032
0,3033
1,3034
1,3035
2,3036
2,3037
1,3038
2,3039
1,3040
0,3041
2,3042
1,3043
1,3044
2,3045
1,3046
1,3047
1,3048
1,3049
1,3050
1,3051
1,3052
1,3053
0,3054
1,3055
1,3056
1,3057
0,3058
1,3059
1,3060
2,3061
1,3062
2,3063
2,3064
2,3065
1,3066
0,3067
1,3068
2,3069
1,3070
1,3071
1,3072
1,3073
1,3074
1,3075
2,3076
2,3077
1,3078
2,3079
1,3080
2,3081
1,3082
1,3083
1,3084
1,3085
1,3086
1,3087
1,3088
1,3089
1,3090
1,3091
1,3092
2,3093
2,3094
2,3095
2,3096
1,3097
1,3098
1,3099
2,3100
1,3101
1,3102
1,3103
2,3104
1,3105
1,3106
1,3107
1,3108
2,3109
1,3110
1,3111
2,3112
1,3113
0,3114
2,3115
1,3116
1,3117
1,3118
2,3119
1,3120
1,3121
1,3122
2,3123
1,3124
1,3125
1,3126
1,3127
0,3128
2,3129
1,3130
1,3131
1,3132
1,3133
1,3134
1,3135
2,3136
1,3137
1,3138
2,3139
1,3140
1,3141
1,3142
1,3143
1,3144
1,3145
1,3146
2,3147
1,3148
1,3149
1,3150
1,3151
1,3152
1,3153
1,3154
2,3155
2,3156
1,3157
1,3158
1,3159
1,3160
1,3161
0,3162
1,3163
2,3164
1,3165
1,3166
2,3167
1,3168
2,3169
0,3170
2,3171
2,3172
1,3173
1,3174
1,3175
1,3176
1,3177
1,3178
1,3179
2,3180
1,3181
1,3182
1,3183
1,3184
1,3185
1,3186
1,3187
1,3188
2,3189
1,3190
1,3191
1,3192
1,3193
2,3194
1,3195
1,3196
1,3197
1,3198
1,3199
1,3200
0,3201
1,3202
1,3203
1,3204
1,3205
1,3206
1,3207
1,3208
1,3209
1,3210
1,3211
0,3212
1,3213
2,3214
1,3215
1,3216
1,3217
1,3218
1,3219
2,3220
1,3221
1,3222
1,3223
1,3224
1,3225
1,3226
1,3227
1,3228
2,3229
1,3230
1,3231
1,3232
0,3233
2,3234
1,3235
1,3236
1,3237
1,3238
1,3239
1,3240
1,3241
1,3242
1,3243
1,3244
2,3245
1,3246
1,3247
0,3248
1,3249
2,3250
2,3251
1,3252
1,3253
1,3254
1,3255
1,3256
1,3257
1,3258
1,3259
1,3260
1,3261
1,3262
0,3263
1,3264
2,3265
1,3266
1,3267
1,3268
1,3269
1,3270
1,3271
1,3272
1,3273
1,3274
1,3275
1,3276
1,3277
1,3278
1,3279
1,3280
1,3281
1,3282
1,3283
1,3284
1,3285
1,3286
0,3287
0,3288
1,3289
1,3290
1,3291
1,3292
2,3293
1,3294
1,3295
1,3296
0,3297
1,3298
1,3299
1,3300
1,3301
1,3302
1,3303
2,3304
1,3305
1,3306
1,3307
1,3308
2,3309
1,3310
1,3311
1,3312
1,3313
2,3314
2,3315
1,3316
1,3317
1,3318
1,3319
1,3320
1,3321
1,3322
1,3323
1,3324
1,3325
1,3326
1,3327
1,3328
1,3329
0,3330
1,3331
1,3332
1,3333
1,3334
1,3335
1,3336
1,3337
1,3338
1,3339
0,3340
1,3341
1,3342
1,3343
1,3344
1,3345
1,3346
1,3347
1,3348
2,3349
1,3350
1,3351
1,3352
1,3353
1,3354
1,3355
2,3356
1,3357
1,3358
1,3359
1,3360
1,3361
1,3362
2,3363
1,3364
1,3365
1,3366
1,3367
1,3368
1,3369
2,3370
1,3371
1,3372
1,3373
1,3374
1,3375
1,3376
0,3377
1,3378
1,3379
1,3380
1,3381
1,3382
1,3383
1,3384
1,3385
0,3386
1,3387
1,3388
1,3389
2,3390
1,3391
1,3392
0,3393
2,3394
1,3395
1,3396
0,3397
1,3398
1,3399
1,3400
2,3401
1,3402
1,3403
2,3404
1,3405
0,3406
1,3407
1,3408
0,3409
1,3410
1,3411
1,3412
1,3413
2,3414
1,3415
1,3416
1,3417
1,3418
1,3419
0,3420
1,3421
1,3422
1,3423
0,3424
0,3425
1,3426
0,3427
1,3428
2,3429
1,3430
1,3431
2,3432
1,3433
1,3434
2,3435
1,3436
2,3437
1,3438
2,3439
2,3440
1,3441
0,3442
1,3443
2,3444
1,3445
1,3446
1,3447
1,3448
2,3449
1,3450
1,3451
1,3452
1,3453
1,3454
1,3455
2,3456
1,3457
2,3458
2,3459
1,3460
1,3461
2,3462
1,3463
1,3464
0,3465
2,3466
1,3467
0,3468
1,3469
1,3470
1,3471
2,3472
2,3473
2,3474
1,3475
2,3476
1,3477
1,3478
1,3479
2,3480
1,3481
0,3482
1,3483
1,3484
2,3485
1,3486
1,3487
1,3488
1,3489
1,3490
2,3491
1,3492
1,3493
0,3494
1,3495
1,3496
1,3497
1,3498
1,3499
1,3500
1,3501
2,3502
1,3503
1,3504
1,3505
1,3506
1,3507
2,3508
2,3509
1,3510
2,3511
0,3512
1,3513
1,3514
1,3515
1,3516
1,3517
1,3518
1,3519
1,3520
2,3521
0,3522
1,3523
1,3524
1,3525
2,3526
2,3527
1,3528
1,3529
1,3530
1,3531
1,3532
1,3533
2,3534
1,3535
2,3536
1,3537
2,3538
1,3539
2,3540
1,3541
1,3542
1,3543
2,3544
1,3545
1,3546
1,3547
1,3548
1,3549
1,3550
1,3551
1,3552
1,3553
1,3554
1,3555
1,3556
1,3557
2,3558
1,3559
2,3560
2,3561
1,3562
2,3563
0,3564
1,3565
1,3566
1,3567
1,3568
1,3569
1,3570
0,3571
1,3572
1,3573
1,3574
2,3575
0,3576
1,3577
2,3578
1,3579
1,3580
0,3581
1,3582
1,3583
1,3584
1,3585
1,3586
1,3587
2,3588
1,3589
1,3590
2,3591
1,3592
1,3593
1,3594
1,3595
1,3596
1,3597
1,3598
1,3599
1,3600
1,3601
1,3602
1,3603
1,3604
1,3605
1,3606
1,3607
1,3608
2,3609
1,3610
1,3611
1,3612
2,3613
1,3614
2,3615
2,3616
1,3617
1,3618
1,3619
1,3620
1,3621
1,3622
1,3623
1,3624
1,3625
1,3626
1,3627
1,3628
1,3629
1,3630
1,3631
1,3632
1,3633
2,3634
1,3635
2,3636
1,3637
1,3638
1,3639
1,3640
1,3641
1,3642
1,3643
1,3644
2,3645
1,3646
1,3647
2,3648
1,3649
1,3650
1,3651
1,3652
1,3653
1,3654
1,3655
1,3656
1,3657
1,3658
1,3659
1,3660
0,3661
1,3662
1,3663
1,3664
2,3665
1,3666
2,3667
1,3668
1,3669
1,3670
0,3671
1,3672
0,3673
2,3674
1,3675
1,3676
1,3677
2,3678
1,3679
1,3680
1,3681
1,3682
1,3683
1,3684
1,3685
1,3686
1,3687
1,3688
2,3689
1,3690
2,3691
1,3692
1,3693
1,3694
1,3695
2,3696
1,3697
1,3698
1,3699
1,3700
2,3701
2,3702
2,3703
1,3704
1,3705
1,3706
1,3707
2,3708
1,3709
2,3710
1,3711
2,3712
1,3713
2,3714
1,3715
1,3716
2,3717
1,3718
1,3719
1,3720
2,3721
0,3722
1,3723
1,3724
1,3725
1,3726
1,3727
1,3728
1,3729
1,3730
2,3731
1,3732
1,3733
1,3734
1,3735
1,3736
1,3737
1,3738
1,3739
1,3740
1,3741
1,3742
1,3743
1,3744
1,3745
2,3746
1,3747
1,3748
1,3749
2,3750
1,3751
1,3752
1,3753
1,3754
2,3755
0,3756
1,3757
2,3758
1,3759
1,3760
1,3761
1,3762
1,3763
1,3764
1,3765
1,3766
1,3767
1,3768
1,3769
1,3770
1,3771
1,3772
1,3773
1,3774
1,3775
1,3776
1,3777
1,3778
1,3779
1,3780
2,3781
1,3782
1,3783
1,3784
1,3785
1,3786
1,3787
1,3788
1,3789
1,3790
2,3791
1,3792
1,3793
2,3794
2,3795
2,3796
1,3797
1,3798
1,3799
2,3800
1,3801
2,3802
1,3803
2,3804
2,3805
1,3806
2,3807
1,3808
2,3809
1,3810
1,3811
1,3812
1,3813
1,3814
1,3815
1,3816
2,3817
1,3818
1,3819
1,3820
1,3821
1,3822
2,3823
1,3824
2,3825
0,3826
1,3827
1,3828
1,3829
1,3830
1,3831
1,3832
2,3833
0,3834
1,3835
1,3836
1,3837
1,3838
1,3839
1,3840
1,3841
1,3842
1,3843
1,3844
2,3845
1,3846
1,3847
1,3848
1,3849
2,3850
1,3851
2,3852
1,3853
1,3854
1,3855
1,3856
1,3857
2,3858
1,3859
1,3860
1,3861
1,3862
0,3863
1,3864
1,3865
0,3866
0,3867
2,3868
1,3869
1,3870
1,3871
2,3872
1,3873
1,3874
1,3875
1,3876
0,3877
1,3878
1,3879
2,3880
1,3881
2,3882
1,3883
1,3884
1,3885
1,3886
0,3887
1,3888
0,3889
0,3890
2,3891
2,3892
0,3893
1,3894
1,3895
1,3896
1,3897
0,3898
1,3899
1,3900
1,3901
1,3902
1,3903
1,3904
1,3905
1,3906
1,3907
1,3908
1,3909
1,3910
0,3911
1,3912
1,3913
1,3914
1,3915
2,3916
0,3917
1,3918
1,3919
1,3920
2,3921
1,3922
1,3923
1,3924
1,3925
2,3926
2,3927
1,3928
1,3929
1,3930
1,3931
1,3932
1,3933
1,3934
2,3935
1,3936
1,3937
1,3938
2,3939
1,3940
1,3941
1,3942
1,3943
0,3944
1,3945
1,3946
1,3947
2,3948
1,3949
1,3950
1,3951
2,3952
1,3953
1,3954
1,3955
2,3956
1,3957
2,3958
1,3959
1,3960
1,3961
1,3962
1,3963
2,3964
0,3965
1,3966
1,3967
1,3968
1,3969
2,3970
1,3971
1,3972
2,3973
2,3974
1,3975
2,3976
1,3977
1,3978
1,3979
2,3980
0,3981
0,3982
1,3983
2,3984
1,3985
2,3986
1,3987
1,3988
1,3989
1,3990
1,3991
2,3992
1,3993
1,3994
1,3995
1,3996
0,3997
1,3998
1,3999
1,4000
1,4001
1,4002
1,4003
2,4004
1,4005
1,4006
1,4007
2,4008
1,4009
1,4010
1,4011
1,4012
1,4013
1,4014
2,4015
1,4016
0,4017
1,4018
2,4019
2,4020
1,4021
1,4022
1,4023
1,4024
1,4025
1,4026
1,4027
1,4028
2,4029
1,4030
1,4031
1,4032
1,4033
1,4034
1,4035
1,4036
1,4037
1,4038
1,4039
1,4040
1,4041
0,4042
1,4043
1,4044
1,4045
1,4046
1,4047
1,4048
1,4049
1,4050
1,4051
1,4052
2,4053
1,4054
2,4055
1,4056
1,4057
1,4058
1,4059
0,4060
1,4061
2,4062
1,4063
1,4064
2,4065
1,4066
1,4067
2,4068
1,4069
1,4070
1,4071
1,4072
1,4073
1,4074
1,4075
1,4076
2,4077
1,4078
1,4079
1,4080
1,4081
1,4082
1,4083
1,4084
1,4085
1,4086
1,4087
1,4088
1,4089
1,4090
1,4091
2,4092
1,4093
1,4094
1,4095
1,4096
1,4097
1,4098
2,4099
1,4100
1,4101
1,4102
2,4103
1,4104
1,4105
1,4106
1,4107
1,4108
1,4109
1,4110
1,4111
1,4112
1,4113
1,4114
1,4115
1,4116
1,4117
1,4118
1,4119
1,4120
2,4121
1,4122
1,4123
1,4124
1,4125
1,4126
1,4127
1,4128
1,4129
1,4130
1,4131
1,4132
1,4133
1,4134
1,4135
1,4136
1,4137
1,4138
1,4139
1,4140
1,4141
2,4142
1,4143
0,4144
1,4145
1,4146
2,4147
1,4148
1,4149
1,4150
2,4151
1,4152
1,4153
2,4154
0,4155
1,4156
2,4157
1,4158
1,4159
1,4160
1,4161
2,4162
1,4163
1,4164
1,4165
1,4166
1,4167
1,4168
2,4169
2,4170
1,4171
1,4172
2,4173
2,4174
1,4175
2,4176
1,4177
1,4178
1,4179
1,4180
1,4181
1,4182
1,4183
1,4184
2,4185
1,4186
2,4187
1,4188
1,4189
1,4190
2,4191
1,4192
1,4193
1,4194
1,4195
1,4196
2,4197
1,4198
1,4199
0,4200
1,4201
1,4202
1,4203
1,4204
1,4205
1,4206
1,4207
1,4208
2,4209
1,4210
1,4211
1,4212
2,4213
1,4214
1,4215
1,4216
1,4217
1,4218
1,4219
1,4220
1,4221
2,4222
1,4223
1,4224
1,4225
2,4226
1,4227
1,4228
1,4229
1,4230
1,4231
1,4232
1,4233
0,4234
1,4235
0,4236
1,4237
1,4238
1,4239
1,4240
2,4241
2,4242
1,4243
1,4244
1,4245
1,4246
1,4247
1,4248
1,4249
1,4250
1,4251
1,4252
1,4253
2,4254
2,4255
1,4256
1,4257
1,4258
2,4259
0,4260
1,4261
1,4262
1,4263
2,4264
1,4265
1,4266
1,4267
1,4268
1,4269
1,4270
2,4271
1,4272
1,4273
1,4274
1,4275
0,4276
1,4277
1,4278
1,4279
1,4280
2,4281
1,4282
0,4283
1,4284
1,4285
1,4286
1,4287
2,4288
0,4289
1,4290
1,4291
1,4292
1,4293
0,4294
1,4295
1,4296
1,4297
1,4298
1,4299
2,4300
1,4301
0,4302
2,4303
1,4304
2,4305
1,4306
1,4307
2,4308
1,4309
1,4310
1,4311
1,4312
1,4313
1,4314
1,4315
0,4316
2,4317
2,4318
1,4319
1,4320
2,4321
1,4322
1,4323
1,4324
1,4325
1,4326
1,4327
2,4328
2,4329
1,4330
1,4331
1,4332
1,4333
0,4334
1,4335
1,4336
1,4337
1,4338
1,4339
1,4340
1,4341
1,4342
1,4343
1,4344
2,4345
1,4346
1,4347
1,4348
1,4349
1,4350
1,4351
1,4352
1,4353
2,4354
1,4355
1,4356
1,4357
1,4358
2,4359
2,4360
1,4361
1,4362
1,4363
1,4364
1,4365
2,4366
0,4367
2,4368
1,4369
1,4370
1,4371
1,4372
1,4373
1,4374
1,4375
1,4376
1,4377
1,4378
2,4379
0,4380
1,4381
1,4382
2,4383
1,4384
1,4385
1,4386
2,4387
1,4388
1,4389
1,4390
2,4391
1,4392
1,4393
1,4394
1,4395
1,4396
1,4397
2,4398
1,4399
1,4400
2,4401
1,4402
2,4403
1,4404
1,4405
1,4406
1,4407
2,4408
2,4409
1,4410
1,4411
1,4412
1,4413
0,4414
0,4415
1,4416
1,4417
1,4418
1,4419
1,4420
1,4421
0,4422
1,4423
1,4424
1,4425
2,4426
1,4427
2,4428
1,4429
1,4430
1,4431
1,4432
2,4433
1,4434
1,4435
1,4436
1,4437
1,4438
1,4439
1,4440
1,4441
0,4442
1,4443
1,4444
1,4445
2,4446
1,4447
1,4448
2,4449
1,4450
1,4451
0,4452
1,4453
1,4454
2,4455
1,4456
1,4457
1,4458
2,4459
1,4460
0,4461
2,4462
0,4463
2,4464
1,4465
1,4466
1,4467
1,4468
1,4469
2,4470
2,4471
1,4472
1,4473
2,4474
1,4475
1,4476
1,4477
0,4478
2,4479
1,4480
1,4481
1,4482
2,4483
0,4484
1,4485
1,4486
2,4487
1,4488
2,4489
1,4490
1,4491
1,4492
1,4493
1,4494
1,4495
2,4496
1,4497
1,4498
1,4499
1,4500
1,4501
1,4502
0,4503
1,4504
1,4505
1,4506
1,4507
1,4508
2,4509
1,4510
0,4511
1,4512
2,4513
1,4514
1,4515
2,4516
1,4517
1,4518
1,4519
1,4520
1,4521
1,4522
0,4523
1,4524
1,4525
1,4526
1,4527
1,4528
1,4529
2,4530
1,4531
1,4532
1,4533
1,4534
2,4535
1,4536
2,4537
1,4538
1,4539
2,4540
1,4541
1,4542
2,4543
1,4544
0,4545
1,4546
1,4547
1,4548
1,4549
1,4550
1,4551
2,4552
1,4553
1,4554
0,4555
2,4556
1,4557
1,4558
2,4559
1,4560
1,4561
1,4562
1,4563
1,4564
1,4565
2,4566
0,4567
1,4568
1,4569
1,4570
2,4571
1,4572
2,4573
1,4574
2,4575
1,4576
1,4577
1,4578
1,4579
1,4580
1,4581
1,4582
1,4583
1,4584
1,4585
1,4586
1,4587
1,4588
1,4589
1,4590
1,4591
2,4592
1,4593
1,4594
1,4595
2,4596
1,4597
1,4598
1,4599
1,4600
2,4601
1,4602
1,4603
1,4604
1,4605
1,4606
1,4607
1,4608
1,4609
2,4610
2,4611
1,4612
1,4613
1,4614
0,4615
0,4616
1,4617
1,4618
1,4619
1,4620
1,4621
1,4622
2,4623
1,4624
1,4625
1,4626
1,4627
1,4628
1,4629
1,4630
1,4631
1,4632
1,4633
1,4634
2,4635
1,4636
1,4637
1,4638
1,4639
1,4640
1,4641
1,4642
1,4643
1,4644
2,4645
1,4646
1,4647
2,4648
1,4649
2,4650
1,4651
1,4652
2,4653
2,4654
1,4655
1,4656
1,4657
1,4658
1,4659
1,4660
2,4661
2,4662
1,4663
1,4664
1,4665
1,4666
1,4667
1,4668
1,4669
1,4670
2,4671
2,4672
1,4673
1,4674
1,4675
1,4676
1,4677
1,4678
2,4679
1,4680
1,4681
2,4682
1,4683
1,4684
2,4685
1,4686
1,4687
1,4688
1,4689
1,4690
1,4691
1,4692
1,4693
0,4694
0,4695
1,4696
1,4697
0,4698
1,4699
2,4700
0,4701
1,4702
1,4703
1,4704
1,4705
1,4706
0,4707
1,4708
1,4709
2,4710
2,4711
1,4712
1,4713
0,4714
1,4715
2,4716
1,4717
1,4718
1,4719
2,4720
1,4721
2,4722
1,4723
1,4724
2,4725
1,4726
1,4727
1,4728
2,4729
2,4730
1,4731
1,4732
1,4733
1,4734
1,4735
1,4736
1,4737
1,4738
0,4739
2,4740
2,4741
1,4742
1,4743
1,4744
1,4745
2,4746
1,4747
2,4748
1,4749
2,4750
0,4751
2,4752
1,4753
1,4754
1,4755
2,4756
1,4757
1,4758
1,4759
2,4760
1,4761
1,4762
2,4763
0,4764
1,4765
1,4766
1,4767
1,4768
1,4769
1,4770
1,4771
1,4772
1,4773
0,4774
1,4775
2,4776
1,4777
1,4778
1,4779
1,4780
1,4781
2,4782
1,4783
1,4784
1,4785
2,4786
1,4787
1,4788
1,4789
1,4790
1,4791
1,4792
1,4793
2,4794
1,4795
1,4796
1,4797
1,4798
1,4799
1,4800
1,4801
1,4802
1,4803
2,4804
2,4805
1,4806
1,4807
1,4808
1,4809
1,4810
1,4811
2,4812
1,4813
1,4814
1,4815
1,4816
2,4817
1,4818
1,4819
2,4820
1,4821
1,4822
1,4823
1,4824
1,4825
1,4826
1,4827
1,4828
1,4829
1,4830
1,4831
1,4832
1,4833
1,4834
1,4835
1,4836
1,4837
1,4838
1,4839
1,4840
0,4841
1,4842
1,4843
1,4844
1,4845
1,4846
1,4847
1,4848
1,4849
1,4850
2,4851
2,4852
2,4853
1,4854
2,4855
1,4856
1,4857
0,4858
1,4859
1,4860
1,4861
1,4862
1,4863
1,4864
1,4865
2,4866
2,4867
1,4868
1,4869
1,4870
1,4871
1,4872
1,4873
2,4874
1,4875
1,4876
1,4877
2,4878
1,4879
2,4880
1,4881
1,4882
1,4883
2,4884
1,4885
1,4886
1,4887
1,4888
1,4889
1,4890
0,4891
1,4892
1,4893
1,4894
1,4895
2,4896
2,4897
1,4898
1,4899
1,4900
1,4901
2,4902
1,4903
2,4904
2,4905
1,4906
1,4907
1,4908
1,4909
2,4910
1,4911
1,4912
1,4913
1,4914
1,4915
1,4916
1,4917
1,4918
0,4919
1,4920
2,4921
1,4922
1,4923
2,4924
2,4925
1,4926
1,4927
1,4928
2,4929
1,4930
1,4931
1,4932
1,4933
1,4934
0,4935
1,4936
1,4937
1,4938
1,4939
1,4940
1,4941
2,4942
1,4943
1,4944
2,4945
1,4946
1,4947
0,4948
1,4949
1,4950
1,4951
0,4952
2,4953
2,4954
2,4955
1,4956
